1,185.191.171.35,vrvaghtbpei284s3jj38sgmio5,9728,0,0,1,,/modelo/edificio-missouri_tipo-2_1105/,,,,,,,,,,,,/modelo/edificio-missouri_tipo-2_1105/,,"2022-06-24 08:44:32"
2,208.115.199.19,l8clakqkah62e68f7u08j8quhd,6,0,0,1,https://larrainprieto.cl,,,,,,,,,,,,,/,,"2022-06-24 08:46:50"
3,54.36.148.29,nee453eujse2ri8nkueaqm9n30,1,0,0,1,,/robots.txt,,,,,,,,,,,,/robots.txt,,"2022-06-24 08:47:01"
4,51.222.253.17,9qr9hmi197l9srs2jkv785q92r,6,0,0,1,,,,,,,,,,,,,,/,,"2022-06-24 08:47:03"
5,88.214.43.118,vjvq6mvd2ndbqad0jhggdu5uhe,1,0,0,1,,/src/environments/environment.ts,,,,,,,,,,,,/src/environments/environment.ts,,"2022-06-24 08:50:00"
6,88.214.43.118,ha66v64kd6mgim1eoj7b9d6u4r,1,0,0,1,,/src/environments/environment.ts,,,,,,,,,,,,/src/environments/environment.ts,,"2022-06-24 08:50:01"
7,208.115.199.19,7djo7o92aj2qajh4el1gv8smpt,6,0,0,1,https://larrainprieto.cl,,,,,,,,,,,,,/,,"2022-06-24 08:51:49"
8,208.115.199.19,0u6baqk3c99g79mcjc9fmo8ua9,6,0,0,1,https://larrainprieto.cl,,,,,,,,,,,,,/,,"2022-06-24 08:56:49"
9,157.55.39.51,s1o08q9i78oodn5q36nmeckfgs,6,0,0,1,,,,,,,,,,,,,,/,,"2022-06-24 08:57:18"
10,157.55.39.51,5jvr1kiqumrafgmdi3q9bgoqvp,6,0,0,1,,,,,,,,,,,,,,/,,"2022-06-24 08:57:23"
11,157.55.39.51,cf2lvb9im77ckvnq6f8a64u4lu,6,0,0,1,,,,,,,,,,,,,,/,,"2022-06-24 08:57:24"
12,138.186.9.47,jdod379uhjvt3ce2bigk2pq2l5,6188,0,0,1,,/cron-update/,action=cron_machine_update&value=poke512,,,,,,,,,,,/cron-update/?action=cron_machine_update&value=poke512,,"2022-06-24 08:59:02"
13,208.115.199.19,gnn6mm5gofo838f0rhfbm2mkfe,6,0,0,1,https://larrainprieto.cl,,,,,,,,,,,,,/,,"2022-06-24 09:01:49"
14,17.121.114.132,gkqmas8iict4bft3bs9djnrqpg,6,0,0,1,,,,,,,,,,,,,,/,,"2022-06-24 09:05:55"
15,208.115.199.19,5mhvid0g43qlcncv441vjepnh7,6,0,0,1,https://larrainprieto.cl,,,,,,,,,,,,,/,,"2022-06-24 09:06:49"
16,207.46.13.25,rqi8kbi63kg1qahbqt7hcjo9oa,10105,0,0,1,,/wp-sitemap-posts-proyectos-1.xml,,,,,,,,,,,,/wp-sitemap-posts-proyectos-1.xml,,"2022-06-24 09:07:41"
17,208.115.199.19,7jjrpu13pnqj142dltrlg9iddm,6,0,0,1,https://larrainprieto.cl,,,,,,,,,,,,,/,,"2022-06-24 09:11:50"
18,17.121.115.232,ibft5cb25j2kksa6qcdv3ndi2o,1,0,0,1,,/robots.txt,,,,,,,,,,,,/robots.txt,,"2022-06-24 09:12:00"
19,17.121.115.232,2qamtr4ihd7n08n555tvk16vmb,1,0,0,1,,/site/proyectos/proyectos-en-venta,,,,,,,,,,,,/site/proyectos/proyectos-en-venta,,"2022-06-24 09:12:02"
20,157.55.39.51,7e8h4if202s6tm6iatfbgdct0j,6,0,0,1,,,,,,,,,,,,,,/,,"2022-06-24 09:14:22"
21,157.55.39.51,0r26lkd52fspjg4tcmgsb1ak6i,6,0,0,1,,,,,,,,,,,,,,/,,"2022-06-24 09:14:22"
22,157.55.39.51,56fc8fho46736dqol6ejdn6kdu,6,0,0,1,,,,,,,,,,,,,,/,,"2022-06-24 09:14:27"
23,157.55.39.51,fp7dc0eh25154oeu0ua851mmen,6,0,0,1,,,,,,,,,,,,,,/,,"2022-06-24 09:14:32"
24,157.55.39.51,vriortro743uavtqmhc8cm1agu,6,0,0,1,,,,,,,,,,,,,,/,,"2022-06-24 09:16:00"
25,157.55.39.51,mb3grhrrr4f0d6fh0jn08q9342,6,0,0,1,,,,,,,,,,,,,,/,,"2022-06-24 09:16:01"
26,157.55.39.51,j36io5fcdrd5co339pfcoqq5ge,6,0,0,1,,,,,,,,,,,,,,/,,"2022-06-24 09:16:02"
27,157.55.39.51,us7estbll1nmi8a2fr5s08sqrv,6,0,0,1,,,,,,,,,,,,,,/,,"2022-06-24 09:16:03"
28,157.55.39.51,1ajp2pcu5s3ecg53ihvd6tt4d2,6,0,0,1,,,,,,,,,,,,,,/,,"2022-06-24 09:16:05"
29,157.55.39.51,c05be96q96rk4829po33d22ako,6,0,0,1,,,,,,,,,,,,,,/,,"2022-06-24 09:16:06"
30,208.115.199.19,grn9j5srt6aa5op99uchc5dgqt,6,0,0,1,https://larrainprieto.cl,,,,,,,,,,,,,/,,"2022-06-24 09:16:50"
31,51.222.253.13,ngvb71auu5ohovgo5rtvu4b4pr,1,0,0,1,,/robots.txt,,,,,,,,,,,,/robots.txt,,"2022-06-24 09:18:03"
32,208.115.199.19,be4uogkdn8okjk54ebh7daoqt1,6,0,0,1,https://larrainprieto.cl,,,,,,,,,,,,,/,,"2022-06-24 09:21:49"
33,157.55.39.51,3qirih2dm1sstesbgvfljihh2k,6,0,0,1,,,,,,,,,,,,,,/,,"2022-06-24 09:25:56"
34,157.55.39.51,0buie4mvb27jvk0r7scapcd3ut,6,0,0,1,,,,,,,,,,,,,,/,,"2022-06-24 09:26:09"
35,157.55.39.51,6n117j2hpgpfvllvtss1h5qsbf,6,0,0,1,,,,,,,,,,,,,,/,,"2022-06-24 09:26:12"
36,157.55.39.51,a4etoiarpflu1jbdbr7a19t7li,6,0,0,1,,,,,,,,,,,,,,/,,"2022-06-24 09:26:17"
37,208.115.199.19,btg4dggfpvsh771qep6viakpo2,6,0,0,1,https://larrainprieto.cl,,,,,,,,,,,,,/,,"2022-06-24 09:26:50"
38,157.55.39.51,24achg9d7vup4gfube1p36kq81,6,0,0,1,,,,,,,,,,,,,,/,,"2022-06-24 09:27:29"
39,124.206.180.144,bqj131qihnupu4st95683jajj8,1,0,0,1,,/favicon.ico,,,,,,,,,,,,/favicon.ico,,"2022-06-24 09:28:08"
40,157.55.39.51,lk3a8kkpo1c7vshs92pvvkjt9p,6,0,0,1,,,,,,,,,,,,,,/,,"2022-06-24 09:28:24"
41,157.55.39.51,1op7tp97ib4ja2sbjju1p6g5e0,6,0,0,1,,,,,,,,,,,,,,/,,"2022-06-24 09:28:31"
42,208.115.199.19,n923nddvfgkgqpst99h0342vqj,6,0,0,1,https://larrainprieto.cl,,,,,,,,,,,,,/,,"2022-06-24 09:31:50"
43,157.55.39.51,39qjsdeklgr1mg8upo0p3jevmu,6,0,0,1,,,,,,,,,,,,,,/,,"2022-06-24 09:32:24"
44,95.163.255.98,ihfe0q7vbs9bde61jrrsctnutv,1,0,0,1,,/robots.txt,,,,,,,,,,,,/robots.txt,,"2022-06-24 09:34:45"
45,95.163.255.99,os4j8n3jlkvckgsk7t3hl419fd,1,0,0,1,,/web/sitio/webroot/static/doc/cv_larrain_prieto.pdf,,,,,,,,,,,,/web/sitio/webroot/static/doc/cv_larrain_prieto.pdf,,"2022-06-24 09:34:47"
46,208.115.199.19,d151a8g5n63f54mmivj0dsqfgj,6,0,0,1,https://larrainprieto.cl,,,,,,,,,,,,,/,,"2022-06-24 09:36:50"
47,157.55.39.51,8jf7nnbchjh24h9vl6amvocmbb,6,0,0,1,,,,,,,,,,,,,,/,,"2022-06-24 09:37:17"
48,157.55.39.51,03huodcfq0emosah8iec70ik74,6,0,0,1,,,,,,,,,,,,,,/,,"2022-06-24 09:38:13"
49,157.55.39.51,8v9vmkqk6jv9aktcdip7rm93vd,6,0,0,1,,,,,,,,,,,,,,/,,"2022-06-24 09:38:44"
50,95.163.255.94,cul2uo489s4b233ur7sdga9paq,1,0,0,1,,/web/sitio/html/Obras/4/pdf/iso.pdf,,,,,,,,,,,,/web/sitio/html/Obras/4/pdf/iso.pdf,,"2022-06-24 09:39:18"
51,181.42.50.85,gtv1qdvigbq71qthufm26ufjcg,6,0,0,1,https://l.instagram.com/,,,,,,,,,,,,,/,,"2022-06-24 09:40:39"
52,181.42.50.85,gtv1qdvigbq71qthufm26ufjcg,139,0,0,1,https://larrainprieto.cl/,/resultados/,comuna=papudo,,,,,,,,,,,/resultados/?comuna=papudo,,"2022-06-24 09:40:50"
53,181.42.50.85,gtv1qdvigbq71qthufm26ufjcg,1376,0,0,1,https://larrainprieto.cl/resultados/?comuna=papudo,/proyecto/condominio-muelle-latorre/,,,,,,,,,,,,/proyecto/condominio-muelle-latorre/,,"2022-06-24 09:40:55"
54,207.248.207.53,8uhvrrsgfpc3cqce9amhjcrfi0,1,0,0,1,https://larrainprieto.cl/missouri3909/?utm_source=INSTAGRAM&utm_medium=LEAD,/favicon.ico,,,INSTAGRAM,LEAD,,,,,,,,/favicon.ico,,"2022-06-24 09:41:14"
55,208.115.199.19,th0okuert7vtdnt8i8q1oa7dgg,6,0,0,1,https://larrainprieto.cl,,,,,,,,,,,,,/,,"2022-06-24 09:41:49"
56,208.115.199.19,ej6kon3tf9arnkoddhu5qakl5u,6,0,0,1,https://larrainprieto.cl,,,,,,,,,,,,,/,,"2022-06-24 09:46:50"
57,185.191.171.17,ovb2kfafsi4r4hpb9h88s2i0l1,1,0,0,1,,/robots.txt,,,,,,,,,,,,/robots.txt,,"2022-06-24 09:47:18"
58,185.191.171.20,51u3hu3kkthun0i63navgqcd0g,9221,0,0,1,,/modelo/edificio-nunoa-zanartu_c_615/,,,,,,,,,,,,/modelo/edificio-nunoa-zanartu_c_615/,,"2022-06-24 09:47:19"
59,66.249.70.52,9o2h7rdnl63q01nnc0en468lgh,1,0,0,1,,/robots.txt,,,,,,,,,,,,/robots.txt,,"2022-06-24 09:47:20"
60,66.249.70.50,53qih5e946dh2al8h0tlf3vj65,10105,0,0,1,,/wp-sitemap-posts-mailing-1.xml,,,,,,,,,,,,/wp-sitemap-posts-mailing-1.xml,,"2022-06-24 09:47:21"
61,185.191.171.43,p222cbb3na7koi03nv8il1h2ve,3043,0,0,1,,/modelo/condominio-muelle-latorre_2d2b-tipo-b1_743/,,,,,,,,,,,,/modelo/condominio-muelle-latorre_2d2b-tipo-b1_743/,,"2022-06-24 09:49:44"
62,157.55.39.51,14la14kr864o175o1griepu5a5,6,0,0,1,,,,,,,,,,,,,,/,,"2022-06-24 09:51:03"
63,157.55.39.51,p5mk16e6pj4nu3hj1obrh382vo,6,0,0,1,,,,,,,,,,,,,,/,,"2022-06-24 09:51:29"
64,208.115.199.19,2u8j1kilobr29pqvb6ch689eg6,6,0,0,1,https://larrainprieto.cl,,,,,,,,,,,,,/,,"2022-06-24 09:51:50"
65,157.55.39.51,p5uvia7j583khkunivpv8fjq8k,6,0,0,1,,,,,,,,,,,,,,/,,"2022-06-24 09:52:10"
66,40.77.167.104,dghnbsbm577cihe8ptuf9n2cve,1,0,0,1,,/robots.txt,,,,,,,,,,,,/robots.txt,,"2022-06-24 09:54:06"
67,134.238.158.183,10adhs6po1vhapf2n0h3bovgl5,6,0,0,1,https://www.google.com/,,,,,,,,,,,,,/,,"2022-06-24 09:55:01"
68,208.115.199.19,dmm9aoknnglfocit2o9alh1qm0,6,0,0,1,https://larrainprieto.cl,,,,,,,,,,,,,/,,"2022-06-24 09:56:50"
69,138.186.9.47,bg3kogcjo28vis4s99n1cmn53l,6188,0,0,1,,/cron-update/,action=cron_machine_update&value=poke512,,,,,,,,,,,/cron-update/?action=cron_machine_update&value=poke512,,"2022-06-24 09:59:02"
70,147.161.128.91,rcqe7japt95egm2hvvm1ltsrva,6,0,0,1,https://www.google.com/,,,,,,,,,,,,,/,,"2022-06-24 09:59:39"
71,147.161.128.91,rcqe7japt95egm2hvvm1ltsrva,9868,0,0,1,https://larrainprieto.cl/,/proyecto/edificio-missouri-3909/,,,,,,,,,,,,/proyecto/edificio-missouri-3909/,,"2022-06-24 09:59:52"
72,147.161.128.91,rcqe7japt95egm2hvvm1ltsrva,1,0,0,1,https://larrainprieto.cl/missouri3909/,/favicon.ico,,,,,,,,,,,,/favicon.ico,,"2022-06-24 09:59:57"
73,208.115.199.19,7rqg2tqt4bgb09nmh5js492jso,6,0,0,1,https://larrainprieto.cl,,,,,,,,,,,,,/,,"2022-06-24 10:01:50"
74,201.219.236.139,2n6qf2eluqmbbiro7eqofs3jek,10,0,0,1,https://www.google.com/,/proyectos/,,,,,,,,,,,,/proyectos/,,"2022-06-24 10:03:15"
75,201.219.236.139,2n6qf2eluqmbbiro7eqofs3jek,8958,0,0,1,https://larrainprieto.cl/proyectos/,/proyecto/edificio-nunoa-zanartu/,,,,,,,,,,,,/proyecto/edificio-nunoa-zanartu/,,"2022-06-24 10:04:07"
76,157.55.39.51,fu5f0ev775g765guqir67di82b,6,0,0,1,,,,,,,,,,,,,,/,,"2022-06-24 10:04:55"
77,157.55.39.51,1mefa32n3j6ggrjcid62n5n64o,6,0,0,1,,,,,,,,,,,,,,/,,"2022-06-24 10:06:36"
78,208.115.199.19,isrcphj28s38eiqbp3o1bq8k99,6,0,0,1,https://larrainprieto.cl,,,,,,,,,,,,,/,,"2022-06-24 10:06:50"
79,207.46.13.51,ql7hftc1n0b4cp13qcu74itvl5,1,0,0,1,,/web/sitio/webroot/lib/ckeditor/_source/plugins/pastetext/,,,,,,,,,,,,/web/sitio/webroot/lib/ckeditor/_source/plugins/pastetext/,,"2022-06-24 10:07:09"
80,157.55.39.51,a8r3ft06viregq3oev1aqo7s47,6,0,0,1,,,,,,,,,,,,,,/,,"2022-06-24 10:08:00"
81,157.55.39.51,mlk26hgo2m5tsiu4lq8kf9t7m8,6,0,0,1,,,,,,,,,,,,,,/,,"2022-06-24 10:08:02"
82,20.125.163.81,d4472pr0ts684u1kuf93i4ui6v,6,0,0,1,,,,,,,,,,,,,,/,,"2022-06-24 10:08:16"
83,185.191.171.17,503n0njrekh6i19eaouepodlrk,9942,0,0,1,,/modelo/edificio-missouri-3909_tipo-2_713/,,,,,,,,,,,,/modelo/edificio-missouri-3909_tipo-2_713/,,"2022-06-24 10:09:52"
84,190.153.210.14,pqoqvfdcoe9rqikthbdg818jbn,6,0,0,1,https://l.instagram.com/,,,,,,,,,,,,,/,,"2022-06-24 10:11:20"
85,190.153.210.14,pqoqvfdcoe9rqikthbdg818jbn,10,0,0,1,https://larrainprieto.cl/,/proyectos/,,,,,,,,,,,,/proyectos/,,"2022-06-24 10:11:27"
86,190.153.210.14,pqoqvfdcoe9rqikthbdg818jbn,1376,0,0,1,https://larrainprieto.cl/proyectos/,/proyecto/condominio-muelle-latorre/,,,,,,,,,,,,/proyecto/condominio-muelle-latorre/,,"2022-06-24 10:11:31"
87,208.115.199.19,0q8fhcic9j4s9c505k3l7nfhuk,6,0,0,1,https://larrainprieto.cl,,,,,,,,,,,,,/,,"2022-06-24 10:11:49"
88,157.55.39.51,kt7jq18h5gqu2ols5kigd7k8lj,6,0,0,1,,,,,,,,,,,,,,/,,"2022-06-24 10:15:05"
89,208.115.199.19,rcar53qqp52jvhuvcb4gd8knqj,6,0,0,1,https://larrainprieto.cl,,,,,,,,,,,,,/,,"2022-06-24 10:16:50"
90,207.46.13.209,a9c9n7q5sem4u0mluik7efuu0u,9367,0,0,1,,/dias-en-casa/,,,,,,,,,,,,/dias-en-casa/,,"2022-06-24 10:18:26"
91,208.115.199.19,apgd8klkc0fjh9dib9egdd8c97,6,0,0,1,https://larrainprieto.cl,,,,,,,,,,,,,/,,"2022-06-24 10:21:50"
92,186.189.85.93,2goaa7quh28kjqptumuhd1giug,6,0,0,1,https://l.instagram.com/,,,,,,,,,,,,,/,,"2022-06-24 10:25:00"
93,186.189.85.93,2goaa7quh28kjqptumuhd1giug,8958,0,0,1,https://larrainprieto.cl/,/proyecto/edificio-nunoa-zanartu/,,,,,,,,,,,,/proyecto/edificio-nunoa-zanartu/,,"2022-06-24 10:25:43"
94,157.55.39.51,7gljqkq5ta4uoe6h1hvbhfsae2,6,0,0,1,,,,,,,,,,,,,,/,,"2022-06-24 10:25:44"
95,185.191.171.5,bv6ru2808m2ecah5u3jjlceug1,9815,0,0,1,,/modelo/edificio-missouri_tipo-2e_1008/,,,,,,,,,,,,/modelo/edificio-missouri_tipo-2e_1008/,,"2022-06-24 10:25:49"
96,208.115.199.19,lobcukdqjje2p5sf2qg9ictv03,6,0,0,1,https://larrainprieto.cl,,,,,,,,,,,,,/,,"2022-06-24 10:26:49"
97,157.55.39.51,hj5k4i88nej83ti6lbbgvteh4b,6,0,0,1,,,,,,,,,,,,,,/,,"2022-06-24 10:30:01"
98,208.115.199.19,mia3s0o0kou1oi9tcsnep0peu1,6,0,0,1,https://larrainprieto.cl,,,,,,,,,,,,,/,,"2022-06-24 10:31:50"
99,157.55.39.51,0jvl9pcroiblaejpk72pghmgd1,6,0,0,1,,,,,,,,,,,,,,/,,"2022-06-24 10:31:53"
100,157.55.39.51,pv35lorr0nqmre1oebbk6v99q1,6,0,0,1,,,,,,,,,,,,,,/,,"2022-06-24 10:31:53"
